Web_link-href,Noon SKU,Product_Name,Brand_Name,Buy_Price,Low_Price,Sold_By
https://www.noon.com/uae-en/xbox-series-s-512-gb-digital-console-with-wireless-controller/N40635117A/p/?o=b36cf35db3cec76e,N40635117A,Xbox Series S 512 GB Digital Console With Wireless Controller,Microsoft,AED 1069.00 Inclusive of VAT,AED 1039.00,noon
https://www.noon.com/uae-en/99-9-water-ultra-mild-original-baby-wipes-for-sensitive-skin-bpa-free-fragrance-free-12-packs-of-60-wipes-720-wipes/N12665031A/p/?o=f468808d2bb9c72d,N12665031A,"99.9% Water Ultra-Mild Original Baby Wipes For Sensitive Skin, Bpa Free, Fragrance-Free, 12 Packs Of 60 Wipes, 720 Wipes",WaterWipes,AED 195.00 Inclusive of VAT,AED 201.00,noon
https://www.noon.com/uae-en/2-piece-electric-dancing-cactus-plant-toys/N49810256A/p/?o=ada4dac0741f024f,N49810256A,2-Piece Electric Dancing Cactus Plant Toys,Marrkhor,AED 45.00 Inclusive of VAT,AED 38.70,Fiyastar
https://www.noon.com/uae-en/playstation-5-console-disc-version-with-extra-wireless-controller-international-version/N42342017A/p/?o=e2928d4ea33d845c,N42342017A,PlayStation 5 Console (Disc Version) With Extra Wireless Controller - International Version,Sony,AED 2959.00 Inclusive of VAT,AED 2810.00,Futurestore
https://www.noon.com/uae-en/50-inch-4k-uhd-hdr-smart-tv-vidaa-os-50a6ge-black/N46959532A/p/?o=ff35f86e281a933f,N46959532A,50-Inch 4K UHD HDR Smart TV Vidaa OS 50A6GE Black,Hisense,AED 1299.00 Inclusive of VAT,AED 1339.00,noon
https://www.noon.com/uae-en/neo-hair-lotion-120ml/N37619548A/p/?o=fb1b04b8ac036e0f,N37619548A,Neo Hair Lotion 120ml,Green Wealth,AED 125.00 Inclusive of VAT,null,noon
https://www.noon.com/uae-en/nord-ce-2-lite-dual-sim-blue-8gb-ram-128gb-5g-international-version/N53091870A/p/?o=f8ecdf1e5824da9b,N53091870A,Nord CE 2 Lite Dual Sim Blue 8GB RAM 128GB 5G - International Version,OnePlus,AED 855.00 Inclusive of VAT,AED 855.00,callmate
https://www.noon.com/uae-en/c6n-wi-fi-2mp-1080p-smart-home-security-camera-white/N31172715A/p/?o=f2ca8869dc8496ce,N31172715A,C6N Wi-Fi 2MP 1080P Smart Home Security Camera White,EZVIZ,AED 99.00 Inclusive of VAT,AED 105.00,noon
https://www.noon.com/uae-en/brow-styling-soap-clear/N49964841A/p/?o=fe4d8836fb3a868a,N49964841A,Brow Styling Soap Clear,Beckisue,AED 11.00 Inclusive of VAT,AED 11.00,KOKO STORE
https://www.noon.com/uae-en/electric-mechanical-air-fryer-1-8-l-1000-w-gaf37516-black/N31867147A/p/?o=c2b6fdfc47fbb2be,N31867147A,Electric Mechanical Air Fryer 1.8 L 1000 W GAF37516 Black,GEEPAS,AED 119.00 Inclusive of VAT,AED 139.00,Western International (L.L.C.)
https://www.noon.com/uae-en/iphone-13-128gb-pink-5g-with-facetime-international-specs/N50838986A/p/?o=e8b61ece949bf1fd,N50838986A,iPhone 13 128GB Pink 5G With Facetime - International Specs,Apple,AED 2965.00 Inclusive of VAT,AED 2970.00,Khalid Lemar
https://www.noon.com/uae-en/airpods-with-charging-case-white/N22732308A/p/?o=fa5a1a996375002a,N22732308A,Airpods With Charging Case White,Apple,AED 435.00 Inclusive of VAT,AED 429.00,A2Z mobiles
https://www.noon.com/uae-en/galaxy-a32-dual-sim-awesome-black-6gb-ram-128gb-4g-lte-middle-east-version/N44806993A/p/?o=f66de5354a2d559c,N44806993A,Galaxy A32 Dual SIM Awesome Black 6GB RAM 128GB 4G LTE- Middle East Version,Samsung,AED 732.00 Inclusive of VAT,AED 729.00,Khalid Lemar
https://www.noon.com/uae-en/premium-care-baby-diapers-newborn-size-2-3-8-kg-168-count-mega-box-helps-prevent-rashes/N19461869A/p/?o=c1c9bfb607f1eb6a,N19461869A,"Premium Care Baby Diapers, Newborn, Size 2, 3 - 8 Kg, 168 Count - Mega Box, Helps Prevent Rashes",Pampers,AED 112.65 Inclusive of VAT,AED 150.00,noon
https://www.noon.com/uae-en/iphone-13-pro-max-128gb-sierra-blue-5g-with-facetime-international-specs/N50840186A/p/?o=a495fc8de4abacaf,N50840186A,iPhone 13 Pro Max 128GB Sierra Blue 5G With Facetime - International Specs,Apple,AED 4259.00 Inclusive of VAT,AED 4225.00,Electronics Collection
https://www.noon.com/uae-en/steam-iron-with-non-stick-soleplate-self-clean-function-300-ml-1750-w-x1600-green-white/N35124096A/p/?o=d7bff9bfebd5d94d,N35124096A,Steam Iron with Non-Stick Soleplate/Self Clean Function 300 ml 1750 W X1600 Green/White,BLACK+DECKER,AED 59.00 Inclusive of VAT,AED 58.90,BlueOceanGlobal-UAE
https://www.noon.com/uae-en/shoe-rack-5-shelves-with-stainless-steel-frame-grey-60x30x90cm/N24214887A/p/?o=e3d133b735bc248b,N24214887A,Shoe Rack 5 Shelves With Stainless Steel Frame Grey 60x30x90cm,ALMUFARREJ,AED 32.00 Inclusive of VAT,AED 24.00,TIK TIK
https://www.noon.com/uae-en/2-piece-double-wall-glass-cup-set-clear-240ml/N22851369A/p/?o=a42a29cf4207035a,N22851369A,2-Piece Double Wall Glass Cup Set Clear 240ml,CRISTAL,AED 19.00 Inclusive of VAT,AED 16.00,world solution technology
https://www.noon.com/uae-en/50-piece-3d-face-mask/N43807483A/p/?o=c7e440c70d2c2b0f,N43807483A,50 Piece 3D Face Mask,Swift,AED 42.20 Inclusive of VAT,AED 41.95,SWIFT-UAE
https://www.noon.com/uae-en/skin-active-fast-bright-30x-vitamin-c-serum-anti-dark-spot-30ml/N45380432A/p/?o=b66f03e6785ce1dc,N45380432A,"Skin Active Fast Bright 30x Vitamin C Serum, Anti Dark Spot 30ml",GARNIER,AED 37.10 Inclusive of VAT,null,noon
https://www.noon.com/uae-en/hero10-black-action-camera/N50959420A/p/?o=fcde5e75e43a9c0d,N50959420A,Hero10 Black Action Camera,GoPro,AED 1499.00 Inclusive of VAT,AED 1499.00,Futurestore
https://www.noon.com/uae-en/galaxy-a13-dual-sim-light-blue-4gb-ram-64gb-4g-middle-east-version/N52856958A/p/?o=e77607e10201707a,N52856958A,Galaxy A13 Dual SIM Light Blue 4GB RAM 64GB 4G - Middle East Version,Samsung,AED 542.00 Inclusive of VAT,AED 537.00,Khalid Lemar
https://www.noon.com/uae-en/nord-ce-2-dual-sim-gray-mirror-8gb-ram-128gb-5g-international-version/N52751033A/p/?o=a800afd36415c73d,N52751033A,Nord CE 2 Dual SIM Gray Mirror 8GB RAM 128GB 5G - International Version,OnePlus,AED 1049.00 Inclusive of VAT,AED 1100.00,callmate
https://www.noon.com/uae-en/galaxy-m12-dual-sim-black-4gb-ram-64gb-4g-lte-middle-east-version/N45062331A/p/?o=f4c04271a1a7aa7a,N45062331A,Galaxy M12 Dual SIM Black 4GB RAM 64GB 4G LTE - Middle East Version,Samsung,AED 490.00 Inclusive of VAT,AED 479.00,Deals Central
https://www.noon.com/uae-en/10-piece-3d-brick-pattern-decorative-wallpaper-set-off-white-70-x-70cm/N27357160A/p/?o=a273f23ccef9336c,N27357160A,10-Piece 3D Brick Pattern Decorative Wallpaper Set Off White 70 x 70cm,Cool Baby,AED 39.95 Inclusive of VAT,AED 34.00,Dali LLC
https://www.noon.com/uae-en/bamboo-foldable-bed-tray/N22547721A/p/?o=df7c382e2916d55b,N22547721A,Bamboo Foldable Bed Tray,noon east,AED 14.00 Inclusive of VAT,null,noon Brands
https://www.noon.com/uae-en/mi-360-1080p-camera/N48103029A/p/?o=f2ba3db27135fb0e,N48103029A,Mi 360° 1080P Camera,Xiaomi,AED 89.85 Inclusive of VAT,AED 98.95,noon
https://www.noon.com/uae-en/airfryer-with-stainless-steel-outer-body-4-l-1400-w-gla-309-mechanical-silver-black/N39295998A/p/?o=a4744863f83ca1de,N39295998A,Airfryer With Stainless Steel Outer Body 4 L 1400 W GLA-309 Mechanical - Silver/Black,noon east,AED 199.00 Inclusive of VAT,null,noon Brands
https://www.noon.com/uae-en/redmi-note-11-dual-sim-graphite-gray-6gb-ram-128gb-4g-lte-global-version/N52512042A/p/?o=b2fd5cce05422c8b,N52512042A,Redmi Note 11 Dual SIM Graphite Gray 6GB RAM 128GB 4G LTE - Global Version,Xiaomi,AED 659.00 Inclusive of VAT,AED 648.00,PhoneX
https://www.noon.com/uae-en/15-bar-espresso-coffee-making-machine-1-2-l-850-w-cm-8500a-gs-silver-black/N31981756A/p/?o=d14c5c36bd7b45ee,N31981756A,15-Bar Espresso Coffee Making Machine 1.2 L 850 W CM-8500A-GS Silver/Black,noon east,AED 139.00 Inclusive of VAT,null,noon Brands
https://www.noon.com/uae-en/f1s-dual-sim-golden-4gb-ram-32gb-4g-lte/N11046227A/p/?o=c821ec939cb1cdfc,N11046227A,F1s Dual SIM Golden 4GB RAM 32GB 4G LTE,OPPO,AED 239.00 Inclusive of VAT,AED 222.00,Ambitious Enterprises
https://www.noon.com/uae-en/watch-series-7-gps-45mm-aluminium-case-with-sport-band-starlight/N51220170A/p/?o=b2625916a97ab5fd,N51220170A,Watch Series 7 GPS 45mm Aluminium Case with Sport Band Starlight,Apple,AED 1449.00 Inclusive of VAT,AED 1470.00,noon
https://www.noon.com/uae-en/high-speed-off-road-bigfoot-climbing-remote-control-toy-car-for-ages-8-years-27x17x12cm/N20695089A/p/?o=a53aa1888b05dc0f,N20695089A,High-Speed Off-Road Bigfoot Climbing Remote Control Toy Car For Ages 8+ Years 27x17x12cm,LNKOO,AED 50.00 Inclusive of VAT,AED 42.00,LNKOO
https://www.noon.com/uae-en/canvio-basics-external-hard-drive-1-tb/N20457213A/p/?o=c5b18b1198bc562d,N20457213A,Canvio Basics External Hard Drive 1 TB,TOSHIBA,AED 155.00 Inclusive of VAT,AED 144.65,PhoneX
https://www.noon.com/uae-en/galaxy-watch-4-44-mm-black/N49976205A/p/?o=eef15686d422a15d,N49976205A,Galaxy Watch 4 44 mm Black,Samsung,AED 515.00 Inclusive of VAT,AED 515.00,Deals Central
https://www.noon.com/uae-en/healthy-mix-anti-fatigue-foundation-30-ml-51-light-vanilla/N11114329A/p/?o=dd093b7d736c845f,N11114329A,Healthy Mix Anti-Fatigue Foundation 30 ml 51 Light Vanilla,BOURJOIS PARIS,AED 26.25 Inclusive of VAT,null,Coty Official Store
https://www.noon.com/uae-en/smart-scale-c1-with-bluetooth/N33949658A/p/?o=b4df0f046b50a8bc,N33949658A,Smart Scale C1 with Bluetooth,eufy,AED 74.95 Inclusive of VAT,AED 78.50,Dar Alamana
https://www.noon.com/uae-en/florence-edp-75ml/N13134087A/p/?o=b756f5c8e363837a,N13134087A,Florence EDP 75ml,roberto cavalli,AED 119.00 Inclusive of VAT,AED 125.80,noon
https://www.noon.com/uae-en/peeling-solution-serum-red-30ml/N26595800A/p/?o=a71d006ec0f24ade,N26595800A,Peeling Solution Serum Red 30ml,The Ordinary,AED 35.50 Inclusive of VAT,AED 43.95,HairSkinCare
https://www.noon.com/uae-en/gelita-health-collagen-for-joint-and-cartilage-30-vials/N23978407A/p/?o=d7c3b7d27fd82e4c,N23978407A,Gelita Health Collagen For Joint And Cartilage - 30 Vials,Ch-Alpha,AED 180.00 Inclusive of VAT,AED 190.00,Our Own Pharmacy
https://www.noon.com/uae-en/handheld-wireless-deep-tissue-body-massager-black/N51883431A/p/?o=f3c9f8bcad14070c,N51883431A,Handheld Wireless Deep Tissue Body Massager black,Rock Pow,AED 33.00 Inclusive of VAT,AED 17.50,XIANGZHUWAN IMPAORT AND EXPORT FZCO
https://www.noon.com/uae-en/mt760-high-speed-foldable-electric-scooter-45km-h-109-x-15-x-52cm/N48140555A/p/?o=a5d69a152f723b0e,N48140555A,MT760 High Speed Foldable Electric Scooter 45km/h 109 x 15 x 52cm,MYTOYS,AED 799.00 Inclusive of VAT,null,noon
https://www.noon.com/uae-en/drum-type-vacuum-cleaner-18-l-2100-w-cv950f-24cbs-wr-brown-red/N25553415A/p/?o=f5096c83d735570a,N25553415A,Drum Type Vacuum Cleaner 18 L 2100 W CV950F 24CBS WR Brown/Red,HITACHI,AED 359.00 Inclusive of VAT,AED 357.00,Dubai Electronics
https://www.noon.com/uae-en/pixel-6-sorta-seafoam-8gb-ram-128gb-5g-international-version/N51463111A/p/?o=d21f42c33518927b,N51463111A,Pixel 6 Sorta Seafoam 8GB RAM 128GB 5G - International Version,Google,AED 1799.00 Inclusive of VAT,AED 1849.00,callmate
https://www.noon.com/uae-en/watch-series-7-gps-45mm-aluminium-case-with-sport-band-midnight/N51219502A/p/?o=fc5306082fa50dcd,N51219502A,Watch Series 7 GPS 45mm Aluminium Case With Sport Band Midnight,Apple,AED 1499.00 Inclusive of VAT,AED 1440.00,MANGO PHONES
https://www.noon.com/uae-en/playstation-5-console-disc-version-with-controller/N40633047A/p/?o=e6baeb5d39093b5a,N40633047A,PlayStation 5 Console (Disc Version) With Controller,Sony,AED 2659.00 Inclusive of VAT,AED 2550.00,DG LAND
https://www.noon.com/uae-en/false-lash-x-fiber-01-mascara-extreme-black/N11073341A/p/?o=bbcda53c183aa0ba,N11073341A,False Lash X Fiber 01 Mascara Extreme Black,L'OREAL PARIS,AED 25.00 Inclusive of VAT,AED 35.20,noon
https://www.noon.com/uae-en/eternity-aqua-edt-3-4-fl-oz-100ml/N11201986A/p/?o=b117ea7e11df1c7f,N11201986A,Eternity Aqua EDT 3.4 Fl Oz/ 100ml,CALVIN KLEIN,AED 88.00 Inclusive of VAT,AED 89.20,noon
https://www.noon.com/uae-en/toy-digital-camera-with-32-gb-memory-card-and-card-reader/N31172073A/p/?o=b713f68660881d1f,N31172073A,Toy Digital Camera With 32 GB Memory Card And Card Reader,AMERTEER,AED 60.00 Inclusive of VAT,null,LNKOO
https://www.noon.com/uae-en/classic-edt-100ml/N11202757A/p/?o=c6a91cc11b2e14ee,N11202757A,Classic EDT 100ml,CARRERA,AED 22.50 Inclusive of VAT,AED 22.35,noon
https://www.noon.com/uae-en/grand-theft-auto-v-intl-version-action-shooter-ps4-ps5/N30107462A/p/?o=e8eb688afd2dc62c,N30107462A,Grand Theft Auto V - (Intl Version) - Action & Shooter - PS4/PS5,Rockstar Games,AED 67.00 Inclusive of VAT,AED 58.75,Rasengan
https://www.noon.com/uae-en/licorice-root-herbal-supplement/N53327132A/p/?o=b276aea8180fcc0a,N53327132A,Licorice Root Herbal Supplement,NATURE'S ANSWER,AED 49.00 Inclusive of VAT,AED 62.55,noon
https://www.noon.com/uae-en/classic-black-edt-for-men-100ml/N11200839A/p/?o=ffcb8bcef1561cba,N11200839A,Classic Black EDT For Men 100ml,JAGUAR,AED 59.00 Inclusive of VAT,AED 60.00,noon
https://www.noon.com/uae-en/dumbbells-set-for-home-gym-work-out-training-20kg/N38712577A/p/?o=b16490ed7b7da6ac,N38712577A,Dumbbells Set For Home Gym Work Out Training 20kg,Rock Pow,AED 120.00 Inclusive of VAT,null,world solution technology
https://www.noon.com/uae-en/2-piece-sound-sleep-hotel-hypoallergenic-soft-bed-gel-extra-fiber-stripped-pillow-set-for-side-and-back-includes-2xpillow-cotton-white-16x24inch/N14341258A/p/?o=ff3e7401f316eb9a,N14341258A,2-Piece Sound Sleep Hotel Hypoallergenic Soft Bed Gel Extra Fiber Stripped Pillow Set For Side And Back Includes 2xPillow Cotton White 16x24inch,Comfy,AED 34.50 Inclusive of VAT,AED 29.00,Happy.Shopping
https://www.noon.com/uae-en/6-piece-granite-marble-coated-aluminum-pots-and-pans-cookware-set-with-non-stick-surface-and-wood-finish-handles-pfoa-free-beige/N22213964A/p/?o=f64ea791fb4fec1c,N22213964A,6-Piece Granite/Marble-Coated Aluminum Pots and Pans Cookware Set with Non-Stick Surface and Wood Finish Handles - PFOA-Free Beige,noon east,AED 129.00 Inclusive of VAT,null,noon Brands
https://www.noon.com/uae-en/20w-usb-c-power-adapter-white/N41193796A/p/?o=b1e04a761e65feac,N41193796A,20W USB-C Power Adapter White,Apple,AED 49.00 Inclusive of VAT,AED 47.00,OhMyPhone
https://www.noon.com/uae-en/quest-2-advanced-all-in-one-vr-headset-128gb-white/N53269697A/p/?o=def3cc277905baea,N53269697A,Quest 2 Advanced All-In-One VR Headset 128GB White,Meta,AED 1159.00 Inclusive of VAT,AED 1129.00,Deals Central
https://www.noon.com/uae-en/ultrasonic-inhaler-mesh-nebulizer/N20985375A/p/?o=c369ec2829b6713d,N20985375A,Ultrasonic Inhaler Mesh Nebulizer,Sharpdo,AED 75.00 Inclusive of VAT,AED 68.75,world solution technology
https://www.noon.com/uae-en/airpods-pro-with-magsafe-charging-case-white/N47626990A/p/?o=a0b9ffd60f8fe80d,N47626990A,AirPods Pro With MagSafe Charging Case White,Apple,AED 739.00 Inclusive of VAT,AED 715.00,A2Z mobiles
https://www.noon.com/uae-en/aluminum-pressure-cooker-with-induction-base-silver-5l/N30390809A/p/?o=be86a6bd24b21a1f,N30390809A,Aluminum Pressure Cooker With Induction Base Silver 5L,noon east,AED 39.00 Inclusive of VAT,null,noon Brands
https://www.noon.com/uae-en/2nd-generation-digital-pencil-white/N19518803A/p/?o=bc61034b72f72d3b,N19518803A,2nd Generation Digital Pencil White,Apple,AED 444.00 Inclusive of VAT,AED 444.00,Electronicsstore
https://www.noon.com/uae-en/needles-to-remove-dark-spots-and-tighten-skin-daily-routine-for-hair-and-skin-care-0-5millimeter/N15573350A/p/?o=ee6f60f08428a05e,N15573350A,Needles To Remove Dark Spots And Tighten Skin Daily Routine For Hair And Skin Care 0.5millimeter,Derma Roller,AED 10.00 Inclusive of VAT,AED 6.90,SOUQ
https://www.noon.com/uae-en/ipad-2021-9th-generation-10-2-inch-64gb-wifi-space-gray-with-facetime-international-version/N50867004A/p/?o=fa2e1da74c788d3d,N50867004A,"iPad 2021 (9th Generation) 10.2-Inch, 64GB, WiFi, Space Gray With Facetime - International Version",Apple,AED 1202.00 Inclusive of VAT,AED 1189.00,Electronicsstore
https://www.noon.com/uae-en/smooth-rolling-baby-pram-stroller-harness-and-seat-soft-padded-seat-adjustable-position-newborn-khaki-black/N20167187A/p/?o=eb740c7c780047cf,N20167187A,"Smooth-Rolling Baby Pram Stroller, Harness And Seat, Soft Padded Seat, Adjustable Position, Newborn - Khaki/Black",BABY PLUS,AED 169.00 Inclusive of VAT,null,BABYPLUS
https://www.noon.com/uae-en/premium-care-baby-diapers-size-4-9-14-kg-200-count-100-x-2-helps-prevent-rashes/N11584189A/p/?o=ce4af3f2dd9c81ae,N11584189A,"Premium Care Baby Diapers, Size 4, 9 - 14 Kg, 200 Count (100 x 2) - Helps Prevent Rashes",Pampers,AED 210.25 Inclusive of VAT,null,noon
https://www.noon.com/uae-en/40-piece-3d-whitestrips-dental-whitening-kit/N32504296A/p/?o=dfb7153267dfdaba,N32504296A,40-Piece 3D WhiteStrips Dental Whitening Kit,Crest,AED 230.00 Inclusive of VAT,AED 225.00,world solution technology
https://www.noon.com/uae-en/iphone-13-pro-max-256gb-alpine-green-5g-with-facetime-international-version/N52929056A/p/?o=fc26da8632dc442a,N52929056A,iPhone 13 Pro max 256GB Alpine Green 5G With Facetime - International version,Apple,AED 4599.00 Inclusive of VAT,AED 4559.00,Electronics Collection
https://www.noon.com/uae-en/scented-reed-diffuser-lavender-100ml/N29375490A/p/?o=e94c5154a61f030b,N29375490A,Scented Reed Diffuser Lavender 100ml,noon east,AED 15.00 Inclusive of VAT,null,noon Brands
https://www.noon.com/uae-en/55-inch-4k-uhd-hdr-smart-tv-vidaa-os-55a6gl-ge-black/N49133351A/p/?o=b30691c2df06b16e,N49133351A,55-Inch 4K UHD HDR Smart TV (Vidaa OS) 55A6GL/GE Black,Hisense,AED 1499.00 Inclusive of VAT,AED 1479.00,noon
https://www.noon.com/uae-en/y20s-dual-sim-purist-blue-8gb-ram-128gb-4g-lte/N42344788A/p/?o=b352c203d0fa29be,N42344788A,Y20s Dual SIM Purist Blue 8GB RAM 128GB 4G LTE,vivo,AED 679.00 Inclusive of VAT,AED 798.00,noon
https://www.noon.com/uae-en/32-piece-push-pop-bubble-sensory-fidget-toy-set-16cm/N50947047A/p/?o=f7fabe8aeebc853d,N50947047A,32-Piece Push Pop Bubble Sensory Fidget Toy Set 16cm,ESSEN,AED 59.00 Inclusive of VAT,AED 59.00,noon
https://www.noon.com/uae-en/magic-finish-makeup-foundation-beige/N21506766A/p/?o=a795700d0884417e,N21506766A,Magic Finish Makeup Foundation Beige,M.Asam,AED 73.00 Inclusive of VAT,AED 64.80,noon
https://www.noon.com/uae-en/iphone-13-128gb-midnight-5g-with-facetime-international-specs/N50838860A/p/?o=ec25daeacf15a1ff,N50838860A,iPhone 13 128GB Midnight 5G With Facetime - International Specs,Apple,AED 2960.00 Inclusive of VAT,AED 2965.00,Khalid Lemar
https://www.noon.com/uae-en/iphone-13-pro-max-256gb-sierra-blue-5g-with-facetime-international-specs/N50840187A/p/?o=be405b07583333dd,N50840187A,iPhone 13 Pro Max 256GB Sierra Blue 5G With Facetime - International Specs,Apple,AED 4650.00 Inclusive of VAT,AED 4625.00,MANGO PHONES
https://www.noon.com/uae-en/canister-bagged-vacuum-cleaner-high-suction-power-1-4-l-1000-w-vch3002b-tr-blue/N44288782A/p/?o=c8fb6a2ab8d0393a,N44288782A,Canister Bagged Vacuum Cleaner High Suction Power 1.4 L 1000 W VCH3002B-TR Blue,noon east,AED 139.00 Inclusive of VAT,null,noon Brands
https://www.noon.com/uae-en/soft-solid-king-size-duvet-microfiber-white-220x240centimeter/N38698424A/p/?o=cc14fb0a09344d2b,N38698424A,Soft Solid King Size Duvet Microfiber White 220x240centimeter,Rahalife,AED 52.00 Inclusive of VAT,AED 44.00,Comfy BeanBags
https://www.noon.com/uae-en/iphone-12-with-facetime-64gb-white-5g-international-specs/N41247164A/p/?o=e4af72be8f2f359d,N41247164A,iPhone 12 With Facetime 64GB White 5G - International Specs,Apple,AED 2235.00 Inclusive of VAT,AED 2239.00,Khalid Lemar
https://www.noon.com/uae-en/yoga-mat-blue-10mm/N16273364A/p/?o=f2ade4791f07f8cc,N16273364A,Yoga Mat Blue 10mm,Emfil,AED 33.00 Inclusive of VAT,AED 22.90,XIANGZHUWAN IMPAORT AND EXPORT FZCO
https://www.noon.com/uae-en/10-piece-granite-marble-coated-aluminum-pots-and-pans-cookware-set-with-non-stick-surface-and-wood-finish-handles-pfoa-free-black/N26505139A/p/?o=fbc391b77514913a,N26505139A,10-Piece Granite/Marble-Coated Aluminum Pots and Pans Cookware Set with Non-Stick Surface and Wood Finish Handles - PFOA-Free Black,noon east,AED 175.00 Inclusive of VAT,null,noon Brands
https://www.noon.com/uae-en/15-piece-granite-marble-coated-aluminum-pots-and-pans-cookware-set-with-non-stick-surface-and-wood-finish-handles-pfoa-free-black/N26505143A/p/?o=e6e0b1d69f6df16a,N26505143A,15-Piece Granite/Marble-Coated Aluminum Pots and Pans Cookware Set with Non-Stick Surface and Wood Finish Handles - PFOA-Free Black,noon east,AED 219.00 Inclusive of VAT,null,noon Brands
https://www.noon.com/uae-en/16-piece-bullet-shaped-paint-marker-set-0-9-1-3-mm-multicolour/N34387833A/p/?o=c9c7280074ffb8cb,N34387833A,16-Piece Bullet Shaped Paint Marker Set 0.9-1.3 mm Multicolour,POSCA,AED 97.35 Inclusive of VAT,AED 97.40,MTHALIA
https://www.noon.com/uae-en/25000-mah-power-bank-black/N15580433A/p/?o=c3df0148911bf84d,N15580433A,25000 mAh Power Bank Black,VEGER,AED 39.00 Inclusive of VAT,AED 39.75,S3 TECHNOLOGY LLC
https://www.noon.com/uae-en/borosilicate-glass-food-container-lunch-box-set-with-airtight-lids-yellow-3-piece-rectangle/N20689066A/p/?o=cb0419c5b2c7bcac,N20689066A,Borosilicate Glass Food Container Lunch box Set With Airtight Lids Yellow 3-Piece (Rectangle),noon east,AED 15.00 Inclusive of VAT,null,noon Brands
https://www.noon.com/uae-en/mi-box-s-4k-hdr-android-tv-streaming-black/N21583813A/p/?o=a2e106f7914dd97c,N21583813A,Mi Box S 4K HDR Android TV Streaming Black,Xiaomi,AED 187.00 Inclusive of VAT,AED 173.00,Top Seller
https://www.noon.com/uae-en/20-sheet-instax-film-photo-paper-white/N15674568A/p/?o=bb81ff02b87b1cab,N15674568A,20-Sheet Instax Film Photo Paper White,FUJIFILM,AED 68.90 Inclusive of VAT,AED 51.00,Alay-fast
https://www.noon.com/uae-en/usb-rechargeable-electric-arc-lighter-silver-27x8-4x3cm/N40859230A/p/?o=dd43674ad651f59e,N40859230A,USB Rechargeable Electric Arc Lighter Silver 27x8.4x3cm,Click N Pick,AED 35.85 Inclusive of VAT,null,Click N Pick
https://www.noon.com/uae-en/viva-facial-tissue-5-boxes-x-150-sheets-x-2-ply-white/N47118205A/p/?o=f4a81a2dcc016cee,N47118205A,Viva Facial Tissue 5 Boxes X 150 Sheets X 2 Ply White,BUNNY,AED 8.95 Inclusive of VAT,null,VIVA
https://www.noon.com/uae-en/baby-dry-pants-diapers-size-5-12-18-kg-168-count-84-x-2-up-to-100-leakage-protection-over-12-hours/N16325583A/p/?o=f0da9458fd6bddbf,N16325583A,"Baby Dry Pants Diapers, Size 5, 12 - 18 Kg, 168 Count (84 x 2) - Up To 100% Leakage Protection Over 12 Hours",Pampers,AED 200.55 Inclusive of VAT,null,noon
https://www.noon.com/uae-en/65-inch-curved-4k-crystal-uhd-hdr-smart-tv-2020-and-smart-remote-control-65tu8300-black/N41064810A/p/?o=debef0d3794e717a,N41064810A,65-Inch Curved 4K Crystal UHD HDR Smart TV (2020) And Smart Remote Control 65TU8300 Black,Samsung,AED 2399.00 Inclusive of VAT,AED 2999.00,noon
https://www.noon.com/uae-en/fit-me-liquid-concealer-25-medium/N11031274A/p/?o=f9a1f3426739fa8f,N11031274A,Fit Me Liquid Concealer 25 Medium,MAYBELLINE NEW YORK,AED 24.60 Inclusive of VAT,null,L’OREAL PARIS : The Official Store
https://www.noon.com/uae-en/omg-remix-core-collector/N42874197A/p/?o=bbfce74fa7754c2d,N42874197A,OMG Remix Core Collector,L.O.L. SURPRISE!,AED 69.00 Inclusive of VAT,AED 269.00,noon
https://www.noon.com/uae-en/10-piece-extra-time-condoms/N33766131A/p/?o=f96caa6cd8bcdb8e,N33766131A,10-Piece Extra Time Condoms,durex,AED 15.95 Inclusive of VAT,AED 12.85,Deal Store
https://www.noon.com/uae-en/glycolic-acid-7-percent-toning-solution-clear-240ml/N22444923A/p/?o=c6289b4a59df224a,N22444923A,Glycolic Acid 7 Percent Toning Solution Clear 240ml,The Ordinary,AED 61.85 Inclusive of VAT,AED 63.95,noon
https://www.noon.com/uae-en/large-toddler-stainless-steer-pipe-foldable-safe-baby-playpen-for-twin-blue/N39697111A/p/?o=bc7af4356e77138e,N39697111A,"Large Toddler Stainless Steer Pipe Foldable, Safe Baby Playpen For Twin - Blue",SKY-TOUCH,AED 123.00 Inclusive of VAT,AED 120.00,SKY TOUCH
https://www.noon.com/uae-en/multi-functional-multicolored-writing-drawing-music-walker-assorted-6-months-45x42x34cm/N13565674A/p/?o=ae7c19f964b05c6b,N13565674A,"Multi-Functional Multicolored Writing, Drawing, Music Walker Assorted 6+ Months 45x42x34cm",HUANGER,AED 49.00 Inclusive of VAT,AED 65.00,noon
https://www.noon.com/uae-en/6-piece-matte-lipstick-set-multicolor/N19142175A/p/?o=e2fc07257518a46c,N19142175A,6 Piece Matte Lipstick Set Multicolor,Heng Fang,AED 18.00 Inclusive of VAT,AED 14.75,Best Buy
https://www.noon.com/uae-en/nord-ce-2-lite-dual-sim-black-8gb-ram-128gb-5g-international-version/N53091867A/p/?o=e61d45c8a209e8fc,N53091867A,Nord CE 2 Lite Dual Sim Black 8GB RAM 128GB 5G - International Version,OnePlus,AED 855.00 Inclusive of VAT,AED 858.00,callmate
https://www.noon.com/uae-en/microwave-oven-with-defrost-function-20-l-700-w-mz2010p-b5-black-silver/N11426633A/p/?o=f6e8bcb6b79f367a,N11426633A,Microwave Oven With Defrost Function 20 L 700 W MZ2010P-B5 Black/Silver,BLACK+DECKER,AED 235.00 Inclusive of VAT,AED 235.00,noon
https://www.noon.com/uae-en/oriental-night-edp-and-ocean-breeze-edp-gift-set-100ml/N25835817A/p/?o=a9480be12b5a531b,N25835817A,Oriental Night EDP And Ocean Breeze EDP Gift Set 100ml,Niya,AED 39.00 Inclusive of VAT,null,noon Brands
https://www.noon.com/uae-en/prive-maison-sandalwood-edp-men-s-perfume-100ml/N26667254A/p/?o=eca1f290b043b28d,N26667254A,Prive Maison Sandalwood EDP Men's Perfume 100ml,Niya,AED 21.00 Inclusive of VAT,null,noon Brands
https://www.noon.com/uae-en/baby-gentle-wash-for-delicate-skin-with-allantoin-400-ml/N12832180A/p/?o=f1ac024734caf28c,N12832180A,Baby Gentle Wash For Delicate Skin With Allantoin - 400 ml,Sebamed,AED 21.00 Inclusive of VAT,null,noon
https://www.noon.com/uae-en/18-piece-high-quality-stainless-steel-cookware-set-silver/N20689072A/p/?o=aabd2e289d86e5ec,N20689072A,18-Piece High Quality Stainless Steel Cookware Set Silver,noon east,AED 149.00 Inclusive of VAT,null,noon Brands
https://www.noon.com/uae-en/air-fryer-4-liters-no-pre-heat-needed-no-oil-frying-fast-craspy-and-healthy-temperature-control-black-4-l-1500-w-evka-af4001bs-black/N51897745A/p/?o=f876e48ff90c1e6f,N51897745A,Air fryer 4 Liters No Pre-Heat Needed No-Oil Frying Fast craspy and healthy Temperature Control black 4 L 1500 W EVKA-AF4001BS Black,evvoli,AED 179.00 Inclusive of VAT,null,evvoli
https://www.noon.com/uae-en/electric-stainless-steel-kettle-with-power-indicator-light-and-boil-dry-protection-1-5-l-1800-w-kess4008-wh-white/N31981366A/p/?o=fb15c60466482c6c,N31981366A,Electric Stainless Steel Kettle With Power Indicator Light And Boil Dry Protection 1.5 L 1800 W KESS4008_WH White,noon east,AED 25.00 Inclusive of VAT,null,noon Brands
https://www.noon.com/uae-en/iphone-13-128gb-green-5g-with-facetime-international-version/N52943836A/p/?o=e0c39e1770cce89f,N52943836A,iPhone 13 128GB Green 5G With Facetime - International version,Apple,AED 2960.00 Inclusive of VAT,AED 2965.00,Khalid Lemar
https://www.noon.com/uae-en/al-wisam-day-edp-100ml/N12890397A/p/?o=f177209c1464ebfb,N12890397A,Al Wisam Day EDP 100ml,Rasasi,AED 87.00 Inclusive of VAT,AED 105.00,noon
https://www.noon.com/uae-en/healthy-mix-anti-fatigue-foundation-30-ml-53-light-beige/N11114331A/p/?o=a0e7c7a8794b977e,N11114331A,Healthy Mix Anti-Fatigue Foundation 30 ml 53 Light Beige,BOURJOIS PARIS,AED 26.25 Inclusive of VAT,null,Coty Official Store
https://www.noon.com/uae-en/club-de-nuit-intense-edt-105ml/N14042729A/p/?o=cfd09029b5acfb6d,N14042729A,Club De Nuit Intense EDT 105ml,ARMAF SERIES,AED 94.00 Inclusive of VAT,AED 94.00,noon
https://www.noon.com/uae-en/electric-dancing-plant-cactus-plush-stuffed-toy-green-brown-with-music-for-kids-32-x-27-x-11-5cm/N47729493A/p/?o=a61ec055b277350a,N47729493A,Electric Dancing Plant Cactus Plush Stuffed Toy -Green/Brown With Music For Kids ‎32 x 27 x 11.5cm,XiuWoo,AED 28.00 Inclusive of VAT,AED 23.00,BIG WORLD
https://www.noon.com/uae-en/galaxy-m52-dual-sim-black-8gb-ram-128gb-5g-middle-east-version/N51315010A/p/?o=f42132f6447d3bab,N51315010A,Galaxy M52 Dual SIM Black 8GB RAM 128GB 5G - Middle East Version,Samsung,AED 939.00 Inclusive of VAT,AED 959.00,noon
https://www.noon.com/uae-en/miracle-starter-kit-toner-serum-soap-cream-50g-clear-40ml/N30204449A/p/?o=b587cff3cc8987ae,N30204449A,Miracle Starter Kit (Toner+Serum+Soap+Cream) 50g + Clear 40ml,Some by Mi,AED 55.85 Inclusive of VAT,AED 52.00,StartUP
https://www.noon.com/uae-en/galaxy-m12-dual-sim-light-blue-4gb-ram-64gb-4g-lte-middle-east-version/N44652296A/p/?o=a629f5f6a0f5a91b,N44652296A,Galaxy M12 Dual SIM Light Blue 4GB RAM 64GB 4G LTE - Middle East Version,Samsung,AED 479.00 Inclusive of VAT,AED 489.00,noon
https://www.noon.com/uae-en/iphone-13-pro-max-128gb-alpine-green-5g-with-facetime-international-version/N52929050A/p/?o=bee1deb3bca17aee,N52929050A,iPhone 13 Pro max 128GB Alpine Green 5G With Facetime - International version,Apple,AED 4239.00 Inclusive of VAT,AED 4225.00,MANGO PHONES
https://www.noon.com/uae-en/iphone-12-with-facetime-64gb-black-5g-international-specs/N41247589A/p/?o=de8dd69b3e0bd23d,N41247589A,iPhone 12 With Facetime 64GB Black 5G - International Specs,Apple,AED 2238.00 Inclusive of VAT,AED 2242.00,Khalid Lemar
https://www.noon.com/uae-en/pack-of-10-facial-sheet-masks-for-the-skin-multi-flavour-0-87ounce/N47694457A/p/?o=cc93a4f1b7a6f66f,N47694457A,Pack Of 10 Facial Sheet Masks For The Skin Multi Flavour 0.87ounce,Niya,AED 15.00 Inclusive of VAT,null,noon Brands
https://www.noon.com/uae-en/iphone-13-128gb-blue-5g-with-facetime-international-specs/N50838836A/p/?o=afb22585c10fc20d,N50838836A,iPhone 13 128GB Blue 5G With Facetime - International Specs,Apple,AED 2968.00 Inclusive of VAT,AED 2972.00,Khalid Lemar
https://www.noon.com/uae-en/24-piece-stainless-steel-cutlery-set-golden/N38900263A/p/?o=c0cdfa29214f557f,N38900263A,24-Piece Stainless Steel Cutlery Set Golden,Sunhome,AED 56.00 Inclusive of VAT,AED 49.00,TIK TIK
https://www.noon.com/uae-en/mi-android-tv-stick-with-built-in-chromecast-black/N39265265A/p/?o=f8fe138e4eb7892c,N39265265A,Mi Android TV Stick with Built in Chromecast Black,Xiaomi,AED 137.00 Inclusive of VAT,AED 135.00,Top Seller
https://www.noon.com/uae-en/freestanding-garment-steamer-1-3-l-with-quick-heating-fabric-modes-and-height-adjustable-1950-w-black-white/N28431698A/p/?o=ec1507fa68da196c,N28431698A,"Freestanding Garment Steamer 1.3 L with Quick Heating, Fabric Modes and Height Adjustable 1950 W Black/White",noon east,AED 109.00 Inclusive of VAT,null,noon Brands
https://www.noon.com/uae-en/men-s-digital-watch-1257-50-mm-black/N30544719A/p/?o=c3a34aa14563be8f,N30544719A,Men's Digital Watch 1257 - 50 mm - Black,SKMEI,AED 29.00 Inclusive of VAT,AED 35.00,noon
https://www.noon.com/uae-en/solid-multi-purpose-bean-bag-with-polystyrene-filling-black-80x80x50cm/N12741301A/p/?o=d148ded41df7f63b,N12741301A,Solid Multi-Purpose Bean Bag With Polystyrene Filling Black 80x80x50cm,Comfy,AED 99.00 Inclusive of VAT,AED 65.00,CORPORATE COTTON
https://www.noon.com/uae-en/galaxy-buds-pro-phantom-black/N43682715A/p/?o=d0ae2a824fba49dd,N43682715A,Galaxy Buds Pro Phantom Black,Samsung,AED 339.00 Inclusive of VAT,AED 337.95,Deals Central
https://www.noon.com/uae-en/antiseptic-healing-cream-to-protect-nappy-rash-and-surface-wound-250g/N24242585A/p/?o=f02b4182ea8f5e5f,N24242585A,Antiseptic Healing Cream To Protect Nappy Rash And Surface Wound - 250g,Sudocrem,AED 27.95 Inclusive of VAT,AED 18.00,Deal Store
https://www.noon.com/uae-en/4-piece-handheld-floor-cleaning-spray-mop-with-towels-set-multicolour-110centimeter/N38089858A/p/?o=c7602c64908f530c,N38089858A,4 Piece Handheld Floor Cleaning Spray Mop With Towels Set Multicolour 110centimeter,A&H,AED 38.00 Inclusive of VAT,AED 31.00,mart
https://www.noon.com/uae-en/3-piece-bath-and-body-care-set-aqua-musk-200ml/N29099391A/p/?o=ec8bdfc89493eb7f,N29099391A,3-Piece Bath And Body Care Set Aqua Musk 200ml,QUWA,AED 11.00 Inclusive of VAT,null,noon Brands
https://www.noon.com/uae-en/portable-handheld-vacuum-cleaner-1-2-l-400-w-dx115c-black-silver/N25281642A/p/?o=e2185f2a0dc4df9a,N25281642A,Portable Handheld Vacuum Cleaner 1.2 L 400 W DX115C Black/Silver,Deerma,AED 99.00 Inclusive of VAT,null,SKY TOUCH
https://www.noon.com/uae-en/niacinamide-10-and-zinc-1-clear-30ml/N23772548A/p/?o=b3c57b2a02fdc23c,N23772548A,Niacinamide 10% And Zinc 1% Clear 30ml,The Ordinary,AED 48.00 Inclusive of VAT,AED 48.00,HairSkinCare
https://www.noon.com/uae-en/32-inch-hd-edgeless-smart-tv-with-dolby-audio-lt-32n3105-black/N53228614A/p/?o=dc2c2f3c59ab018a,N53228614A,"32"" inch HD Edgeless Smart TV with Dolby Audio LT-32N3105 BLACK",JVC,AED 435.00 Inclusive of VAT,AED 515.00,Videocon - Middle East
https://www.noon.com/uae-en/switch-oled-2021-model-neon-blue-red-joy-con-intl-version/N51213202A/p/?o=ef3f2910599595ef,N51213202A,Switch OLED (2021) Model - Neon Blue & Red Joy Con (Intl Version),Nintendo,AED 1235.00 Inclusive of VAT,AED 1236.00,HalaGadget
https://www.noon.com/uae-en/mocha-mahogany-edp-and-oud-aura-edp-gift-set-men-s-perfume-100ml/N25835819A/p/?o=a09c2d4bc37dcd6b,N25835819A,Mocha Mahogany EDP And Oud Aura EDP Gift Set Men's Perfume 100ml,Niya,AED 39.00 Inclusive of VAT,null,noon Brands
https://www.noon.com/uae-en/om-5-athens-grey/N50626103A/p/?o=a7d5ad3fec81eaff,N50626103A,OM 5 Athens Grey,dji,AED 439.00 Inclusive of VAT,AED 439.00,noon
https://www.noon.com/uae-en/65-inch-4k-uhd-hdr-smart-tv-vidaa-os-65a6ge-black/N46959531A/p/?o=e95a95b101212c3b,N46959531A,65-Inch 4K UHD HDR Smart TV (Vidaa OS) 65A6GE Black,Hisense,AED 1899.00 Inclusive of VAT,AED 1949.00,noon
https://www.noon.com/uae-en/skinactive-micellar-cleansing-water-for-sensitive-skin-400ml-clear/N11294362A/p/?o=cfa844c1e51c2f4a,N11294362A,SkinActive Micellar Cleansing Water  for Sensitive Skin 400ml Clear,GARNIER,AED 30.75 Inclusive of VAT,null,L’OREAL PARIS : The Official Store
https://www.noon.com/uae-en/36v-electric-drifting-scooter-with-helmet-knee-and-elbow-protector-94x60x64cm/N32502747A/p/?o=ffbb59279ccdde5a,N32502747A,"36V Electric Drifting Scooter With Helmet, Knee And Elbow protector 94x60x64cm",Rockbaby,AED 299.00 Inclusive of VAT,null,noon
https://www.noon.com/uae-en/premium-care-baby-diapers-size-6-13-kg-60-count-mega-box-helps-prevent-rashes/N20940459A/p/?o=b1c1c4c66a7c0c8c,N20940459A,"Premium Care Baby Diapers, Size 6, 13+ Kg, 60 Count - Mega Box, Helps Prevent Rashes",Pampers,AED 123.65 Inclusive of VAT,null,noon
https://www.noon.com/uae-en/colossal-kajal-argan-oil-khol-eyeliner-long-lasting-up-to-12h-black/N20426193A/p/?o=c8c536c88e3c51cd,N20426193A,"Colossal Kajal Argan Oil Khol Eyeliner, Long Lasting Up to 12H Black",MAYBELLINE NEW YORK,AED 9.90 Inclusive of VAT,null,L’OREAL PARIS : The Official Store
https://www.noon.com/uae-en/android-tv-box-11-1-1gb-8gb-64-bit-4-core-cpu-black/N11797081A/p/?o=cac2d8de3875875a,N11797081A,Android TV Box 11.1 (1GB+8GB) 64 Bit 4-Core CPU black,MXQ Pro,AED 79.00 Inclusive of VAT,AED 81.00,E-trends
https://www.noon.com/uae-en/mi-4s-65-inch-uhd-smart-tv-4s-65-l-65m5-5sin-l65m5-5asp-grey/N38839537A/p/?o=dcd63945e2c34bef,N38839537A,Mi 4S 65 Inch UHD Smart TV 4S-65/ L-65M5-5SIN/ L65M5-5ASP Grey,Xiaomi,AED 1909.00 Inclusive of VAT,null,noon
https://www.noon.com/uae-en/facial-tissue-5-boxes-x-150-sheets-x-2-ply/N48940340A/p/?o=d00d64eca68fa3ee,N48940340A,Facial Tissue 5 Boxes X 150 Sheets X 2 Ply,Viva,AED 8.95 Inclusive of VAT,null,VIVA
https://www.noon.com/uae-en/paradiso-edp-75ml/N11202242A/p/?o=f72d0037f5142eda,N11202242A,Paradiso EDP 75ml,roberto cavalli,AED 109.00 Inclusive of VAT,AED 116.70,noon
https://www.noon.com/uae-en/digital-air-fryer-3-5-l-1500-w-gaf37512-black/N31867146A/p/?o=f13bccaa7f4fd09f,N31867146A,Digital Air Fryer 3.5 L 1500 W GAF37512 Black,GEEPAS,AED 169.00 Inclusive of VAT,AED 279.00,Western International (L.L.C.)
https://www.noon.com/uae-en/poco-m4-pro-4g-dual-sim-power-black-6gb-ram-128gb-global-version/N52777983A/p/?o=db0c5a0987a0538e,N52777983A,Poco M4 Pro 4G Dual SIM Power Black 6GB RAM 128GB - Global Version,Xiaomi,AED 689.00 Inclusive of VAT,AED 749.00,noon
https://www.noon.com/uae-en/automatic-original-scented-detergent-powder-9kg/N11376541A/p/?o=d44f9c3fd0d7e2fe,N11376541A,Automatic Original Scented Detergent Powder 9kg,ARIEL,AED 78.40 Inclusive of VAT,AED 114.50,Noon Grocery
https://www.noon.com/uae-en/unisex-mi-1s-electric-scooter-108x114x43cm/N39770139A/p/?o=f689939bbdf2b58e,N39770139A,Unisex Mi 1S Electric Scooter 108x114x43cm,Xiaomi,AED 959.00 Inclusive of VAT,null,noon
https://www.noon.com/uae-en/everyday-essentials-multi-use-brush-set-multicolour/N31489433A/p/?o=a0b47dcecf2c9cec,N31489433A,Everyday Essentials Multi Use Brush Set Multicolour,REAL TECHNIQUES,AED 54.00 Inclusive of VAT,AED 54.00,Beauty Home
https://www.noon.com/uae-en/stand-fan-with-remote-control-6-kg-75-w-knf6159-black/N47241512A/p/?o=d72364e48fa3df2e,N47241512A,Stand Fan With Remote Control 6 kg 75 W KNF6159 Black,KRYPTON,AED 120.00 Inclusive of VAT,AED 149.50,EPSILON WORLD GENERAL TRADING LLC
https://www.noon.com/uae-en/medicated-quilted-folding-mattress-white-single/N14341254A/p/?o=f9c238733ce123af,N14341254A,Medicated Quilted Folding Mattress White Single,Comfy,AED 87.00 Inclusive of VAT,AED 76.00,Comfy BeanBags
https://www.noon.com/uae-en/cool-water-edt-200ml/N19151439A/p/?o=ef9dd8c6135ba6aa,N19151439A,Cool Water EDT 200ml,DAVIDOFF,AED 95.00 Inclusive of VAT,AED 105.00,noon
